[{"model": "admin.logentry", "pk": 1, "fields": {"action_time": "2022-08-22T19:20:12.081Z", "user": 1, "content_type": 7, "object_id": "1", "object_repr": "my-phone.example.com", "action_flag": 2, "change_message": "[{\"changed\": {\"fields\": [\"Domain name\", \"Display name\"]}}]"}}, {"model": "admin.logentry", "pk": 2, "fields": {"action_time": "2022-08-22T19:29:42.672Z", "user": 1, "content_type": 8, "object_id": "1", "object_repr": "deepaksinghj72@gmail.com", "action_flag": 1, "change_message": "[{\"added\": {}}]"}}, {"model": "admin.logentry", "pk": 3, "fields": {"action_time": "2022-08-30T20:33:39.926Z", "user": 1, "content_type": 13, "object_id": "1", "object_repr": "sumsung", "action_flag": 1, "change_message": "[{\"added\": {}}]"}}, {"model": "admin.logentry", "pk": 4, "fields": {"action_time": "2022-08-30T20:33:58.733Z", "user": 1, "content_type": 13, "object_id": "2", "object_repr": "iphone", "action_flag": 1, "change_message": "[{\"added\": {}}]"}}, {"model": "admin.logentry", "pk": 5, "fields": {"action_time": "2022-08-30T20:34:13.782Z", "user": 1, "content_type": 13, "object_id": "3", "object_repr": "lenovo", "action_flag": 1, "change_message": "[{\"added\": {}}]"}}, {"model": "admin.logentry", "pk": 6, "fields": {"action_time": "2022-08-30T20:34:56.510Z", "user": 1, "content_type": 13, "object_id": "4", "object_repr": "huawei", "action_flag": 1, "change_message": "[{\"added\": {}}]"}}, {"model": "admin.logentry", "pk": 7, "fields": {"action_time": "2022-08-30T20:35:14.481Z", "user": 1, "content_type": 13, "object_id": "5", "object_repr": "clearance", "action_flag": 1, "change_message": "[{\"added\": {}}]"}}, {"model": "admin.logentry", "pk": 8, "fields": {"action_time": "2022-08-30T20:35:43.978Z", "user": 1, "content_type": 13, "object_id": "5", "object_repr": "clearance", "action_flag": 2, "change_message": "[]"}}, {"model": "admin.logentry", "pk": 9, "fields": {"action_time": "2022-08-31T12:57:45.809Z", "user": 1, "content_type": 14, "object_id": "1", "object_repr": "Samsung Galaxy M31", "action_flag": 1, "change_message": "[{\"added\": {}}]"}}, {"model": "admin.logentry", "pk": 10, "fields": {"action_time": "2022-08-31T13:05:28.406Z", "user": 1, "content_type": 14, "object_id": "1", "object_repr": "Samsung Galaxy M31", "action_flag": 2, "change_message": "[{\"changed\": {\"fields\": [\"Sku\"]}}]"}}, {"model": "admin.logentry", "pk": 11, "fields": {"action_time": "2022-08-31T13:34:33.123Z", "user": 1, "content_type": 14, "object_id": "2", "object_repr": "Samsung Galaxy M51", "action_flag": 1, "change_message": "[{\"added\": {}}]"}}, {"model": "admin.logentry", "pk": 12, "fields": {"action_time": "2022-08-31T13:36:44.858Z", "user": 1, "content_type": 14, "object_id": "3", "object_repr": "Samsung Galaxy M21", "action_flag": 1, "change_message": "[{\"added\": {}}]"}}, {"model": "admin.logentry", "pk": 13, "fields": {"action_time": "2022-08-31T13:37:59.694Z", "user": 1, "content_type": 14, "object_id": "4", "object_repr": "Samsung Galaxy M31", "action_flag": 1, "change_message": "[{\"added\": {}}]"}}, {"model": "admin.logentry", "pk": 14, "fields": {"action_time": "2022-08-31T13:39:14.681Z", "user": 1, "content_type": 14, "object_id": "5", "object_repr": "Samsung Galaxy M01", "action_flag": 1, "change_message": "[{\"added\": {}}]"}}, {"model": "admin.logentry", "pk": 15, "fields": {"action_time": "2022-08-31T13:40:18.016Z", "user": 1, "content_type": 14, "object_id": "6", "object_repr": "Samsung Galaxy M01 Core", "action_flag": 1, "change_message": "[{\"added\": {}}]"}}, {"model": "admin.logentry", "pk": 16, "fields": {"action_time": "2022-08-31T13:42:35.261Z", "user": 1, "content_type": 14, "object_id": "7", "object_repr": "Samsung Galaxy M01", "action_flag": 1, "change_message": "[{\"added\": {}}]"}}, {"model": "admin.logentry", "pk": 17, "fields": {"action_time": "2022-08-31T13:43:59.940Z", "user": 1, "content_type": 14, "object_id": "6", "object_repr": "Samsung Galaxy M01 Core", "action_flag": 2, "change_message": "[{\"changed\": {\"fields\": [\"Description\"]}}]"}}, {"model": "admin.logentry", "pk": 18, "fields": {"action_time": "2022-08-31T13:44:04.419Z", "user": 1, "content_type": 14, "object_id": "5", "object_repr": "Samsung Galaxy M01", "action_flag": 2, "change_message": "[{\"changed\": {\"fields\": [\"Description\"]}}]"}}, {"model": "admin.logentry", "pk": 19, "fields": {"action_time": "2022-08-31T13:44:08.943Z", "user": 1, "content_type": 14, "object_id": "4", "object_repr": "Samsung Galaxy M31", "action_flag": 2, "change_message": "[{\"changed\": {\"fields\": [\"Description\"]}}]"}}, {"model": "admin.logentry", "pk": 20, "fields": {"action_time": "2022-08-31T13:44:13.203Z", "user": 1, "content_type": 14, "object_id": "3", "object_repr": "Samsung Galaxy M21", "action_flag": 2, "change_message": "[{\"changed\": {\"fields\": [\"Description\"]}}]"}}, {"model": "admin.logentry", "pk": 21, "fields": {"action_time": "2022-08-31T13:44:17.097Z", "user": 1, "content_type": 14, "object_id": "3", "object_repr": "Samsung Galaxy M21", "action_flag": 2, "change_message": "[]"}}, {"model": "admin.logentry", "pk": 22, "fields": {"action_time": "2022-08-31T13:44:21.506Z", "user": 1, "content_type": 14, "object_id": "2", "object_repr": "Samsung Galaxy M51", "action_flag": 2, "change_message": "[{\"changed\": {\"fields\": [\"Description\"]}}]"}}, {"model": "admin.logentry", "pk": 23, "fields": {"action_time": "2022-08-31T13:44:30.002Z", "user": 1, "content_type": 14, "object_id": "1", "object_repr": "Samsung Galaxy M31", "action_flag": 2, "change_message": "[{\"changed\": {\"fields\": [\"Description\"]}}]"}}, {"model": "admin.logentry", "pk": 24, "fields": {"action_time": "2022-08-31T18:13:27.469Z", "user": 1, "content_type": 13, "object_id": "5", "object_repr": "clearance", "action_flag": 3, "change_message": ""}}, {"model": "admin.logentry", "pk": 25, "fields": {"action_time": "2022-08-31T18:13:41.301Z", "user": 1, "content_type": 13, "object_id": "1", "object_repr": "sumsung", "action_flag": 3, "change_message": ""}}, {"model": "admin.logentry", "pk": 26, "fields": {"action_time": "2022-08-31T18:13:50.123Z", "user": 1, "content_type": 13, "object_id": "4", "object_repr": "huawei", "action_flag": 3, "change_message": ""}}, {"model": "admin.logentry", "pk": 27, "fields": {"action_time": "2022-08-31T18:13:50.126Z", "user": 1, "content_type": 13, "object_id": "3", "object_repr": "lenovo", "action_flag": 3, "change_message": ""}}, {"model": "admin.logentry", "pk": 28, "fields": {"action_time": "2022-08-31T18:13:50.127Z", "user": 1, "content_type": 13, "object_id": "2", "object_repr": "iphone", "action_flag": 3, "change_message": ""}}, {"model": "admin.logentry", "pk": 29, "fields": {"action_time": "2022-09-03T15:08:15.095Z", "user": 1, "content_type": 14, "object_id": "8", "object_repr": "Lenovo A31 (Mystery Black, 6GB RAM, 128GB)", "action_flag": 1, "change_message": "[{\"added\": {}}]"}}, {"model": "admin.logentry", "pk": 30, "fields": {"action_time": "2022-09-03T15:10:27.451Z", "user": 1, "content_type": 14, "object_id": "9", "object_repr": "Lenovo F17 (Dynamic Orange, 6GB RAM, 128GB)", "action_flag": 1, "change_message": "[{\"added\": {}}]"}}, {"model": "admin.logentry", "pk": 31, "fields": {"action_time": "2022-09-03T15:11:47.152Z", "user": 1, "content_type": 14, "object_id": "10", "object_repr": "Lenovo A53 (Fairy White, 4GB RAM, 64GB)", "action_flag": 1, "change_message": "[{\"added\": {}}]"}}, {"model": "admin.logentry", "pk": 32, "fields": {"action_time": "2022-09-03T15:14:08.688Z", "user": 1, "content_type": 14, "object_id": "11", "object_repr": "Lenovo A5s (Blue, 4GB RAM, 64GB)", "action_flag": 1, "change_message": "[{\"added\": {}}]"}}, {"model": "admin.logentry", "pk": 33, "fields": {"action_time": "2022-09-03T15:15:27.953Z", "user": 1, "content_type": 14, "object_id": "7", "object_repr": "Samsung Galaxy M31 Prime Edition (Space Black, 6GB RAM, 128GB)", "action_flag": 2, "change_message": "[{\"changed\": {\"fields\": [\"Name\"]}}]"}}, {"model": "admin.logentry", "pk": 34, "fields": {"action_time": "2022-09-03T15:15:41.469Z", "user": 1, "content_type": 14, "object_id": "6", "object_repr": "Samsung Galaxy M51 (Electric Blue, 6GB RAM, 128GB)", "action_flag": 2, "change_message": "[{\"changed\": {\"fields\": [\"Name\"]}}]"}}, {"model": "admin.logentry", "pk": 35, "fields": {"action_time": "2022-09-03T15:15:51.966Z", "user": 1, "content_type": 14, "object_id": "5", "object_repr": "Samsung Galaxy M31 (Ocean Blue, 6GB RAM, 128GB)", "action_flag": 2, "change_message": "[{\"changed\": {\"fields\": [\"Name\"]}}]"}}, {"model": "admin.logentry", "pk": 36, "fields": {"action_time": "2022-09-03T15:16:00.840Z", "user": 1, "content_type": 14, "object_id": "4", "object_repr": "Samsung Galaxy M01 (Black, 3GB RAM, 32GB)", "action_flag": 2, "change_message": "[{\"changed\": {\"fields\": [\"Name\"]}}]"}}, {"model": "admin.logentry", "pk": 37, "fields": {"action_time": "2022-09-03T15:16:14.180Z", "user": 1, "content_type": 14, "object_id": "3", "object_repr": "Samsung Galaxy M01 Core (Black, 2GB RAM, 32GB)", "action_flag": 2, "change_message": "[{\"changed\": {\"fields\": [\"Name\"]}}]"}}, {"model": "admin.logentry", "pk": 38, "fields": {"action_time": "2022-09-03T15:16:27.690Z", "user": 1, "content_type": 14, "object_id": "2", "object_repr": "Samsung Galaxy M01 (Blue, 3GB RAM, 32GB)", "action_flag": 2, "change_message": "[{\"changed\": {\"fields\": [\"Category\", \"Name\"]}}]"}}, {"model": "admin.logentry", "pk": 39, "fields": {"action_time": "2022-09-03T15:16:33.429Z", "user": 1, "content_type": 14, "object_id": "7", "object_repr": "Samsung Galaxy M31 Prime Edition (Space Black, 6GB RAM, 128GB)", "action_flag": 2, "change_message": "[{\"changed\": {\"fields\": [\"Category\"]}}]"}}, {"model": "admin.logentry", "pk": 40, "fields": {"action_time": "2022-09-03T15:16:39.394Z", "user": 1, "content_type": 14, "object_id": "6", "object_repr": "Samsung Galaxy M51 (Electric Blue, 6GB RAM, 128GB)", "action_flag": 2, "change_message": "[{\"changed\": {\"fields\": [\"Category\"]}}]"}}, {"model": "admin.logentry", "pk": 41, "fields": {"action_time": "2022-09-03T15:16:45.337Z", "user": 1, "content_type": 14, "object_id": "5", "object_repr": "Samsung Galaxy M31 (Ocean Blue, 6GB RAM, 128GB)", "action_flag": 2, "change_message": "[{\"changed\": {\"fields\": [\"Category\"]}}]"}}, {"model": "admin.logentry", "pk": 42, "fields": {"action_time": "2022-09-03T15:16:50.104Z", "user": 1, "content_type": 14, "object_id": "4", "object_repr": "Samsung Galaxy M01 (Black, 3GB RAM, 32GB)", "action_flag": 2, "change_message": "[{\"changed\": {\"fields\": [\"Category\"]}}]"}}, {"model": "admin.logentry", "pk": 43, "fields": {"action_time": "2022-09-03T15:16:54.234Z", "user": 1, "content_type": 14, "object_id": "3", "object_repr": "Samsung Galaxy M01 Core (Black, 2GB RAM, 32GB)", "action_flag": 2, "change_message": "[{\"changed\": {\"fields\": [\"Category\"]}}]"}}, {"model": "admin.logentry", "pk": 44, "fields": {"action_time": "2022-09-03T15:17:39.701Z", "user": 1, "content_type": 14, "object_id": "1", "object_repr": "Samsung Galaxy M21 (Raven Black, 4GB RAM, 64GB)", "action_flag": 2, "change_message": "[{\"changed\": {\"fields\": [\"Category\", \"Name\"]}}]"}}, {"model": "admin.logentry", "pk": 45, "fields": {"action_time": "2022-09-04T09:57:22.186Z", "user": 1, "content_type": 14, "object_id": "12", "object_repr": "Lenovo F17 (Navy Blue, 6GB RAM, 128GB)", "action_flag": 1, "change_message": "[{\"added\": {}}]"}}, {"model": "admin.logentry", "pk": 46, "fields": {"action_time": "2022-09-04T09:58:54.833Z", "user": 1, "content_type": 14, "object_id": "13", "object_repr": "Lenovo A53 (Electric Black, 4GB RAM, 64GB)", "action_flag": 1, "change_message": "[{\"added\": {}}]"}}, {"model": "admin.logentry", "pk": 47, "fields": {"action_time": "2022-09-04T10:01:04.834Z", "user": 1, "content_type": 14, "object_id": "14", "object_repr": "Lenovo F17 (Classic Silver, 6GB RAM, 128GB)", "action_flag": 1, "change_message": "[{\"added\": {}}]"}}, {"model": "admin.logentry", "pk": 48, "fields": {"action_time": "2022-09-04T10:02:19.057Z", "user": 1, "content_type": 14, "object_id": "15", "object_repr": "Lenovo F17 (Dynamic Orange, 8GB RAM, 128GB)", "action_flag": 1, "change_message": "[{\"added\": {}}]"}}, {"model": "admin.logentry", "pk": 49, "fields": {"action_time": "2022-09-04T10:05:31.638Z", "user": 1, "content_type": 13, "object_id": "4", "object_repr": "redmi", "action_flag": 2, "change_message": "[{\"changed\": {\"fields\": [\"Name\", \"Friendly name\"]}}]"}}, {"model": "admin.logentry", "pk": 50, "fields": {"action_time": "2022-09-04T10:06:53.367Z", "user": 1, "content_type": 14, "object_id": "16", "object_repr": "Redmi 9A (Nature Green, 2GB Ram, 32GB)", "action_flag": 1, "change_message": "[{\"added\": {}}]"}}, {"model": "admin.logentry", "pk": 51, "fields": {"action_time": "2022-09-04T10:08:04.908Z", "user": 1, "content_type": 14, "object_id": "17", "object_repr": "Redmi 9 (Sky Blue, 4GB RAM, 64GB)", "action_flag": 1, "change_message": "[{\"added\": {}}]"}}, {"model": "admin.logentry", "pk": 52, "fields": {"action_time": "2022-09-04T10:09:25.428Z", "user": 1, "content_type": 14, "object_id": "18", "object_repr": "Redmi 9A (Sea Blue, 2GB Ram, 32GB)", "action_flag": 1, "change_message": "[{\"added\": {}}]"}}, {"model": "admin.logentry", "pk": 53, "fields": {"action_time": "2022-09-04T10:10:36.558Z", "user": 1, "content_type": 14, "object_id": "19", "object_repr": "Redmi 9 Prime (Mint Green, 4GB RAM, 64GB)", "action_flag": 1, "change_message": "[{\"added\": {}}]"}}, {"model": "admin.logentry", "pk": 54, "fields": {"action_time": "2022-09-04T10:12:05.402Z", "user": 1, "content_type": 14, "object_id": "20", "object_repr": "Redmi 8A Dual (Sky White, 3GB RAM, 64GB)", "action_flag": 1, "change_message": "[{\"added\": {}}]"}}, {"model": "admin.logentry", "pk": 55, "fields": {"action_time": "2022-09-04T10:13:05.077Z", "user": 1, "content_type": 14, "object_id": "21", "object_repr": "Redmi Note 9 Pro (Interstellar Black, 4GB RAM, 64GB)", "action_flag": 1, "change_message": "[{\"added\": {}}]"}}, {"model": "admin.logentry", "pk": 56, "fields": {"action_time": "2022-09-04T10:16:10.268Z", "user": 1, "content_type": 14, "object_id": "22", "object_repr": "Iphone 2F (Sky White, 6GB RAM, 256GB)", "action_flag": 1, "change_message": "[{\"added\": {}}]"}}, {"model": "admin.logentry", "pk": 57, "fields": {"action_time": "2022-09-04T10:17:46.865Z", "user": 1, "content_type": 14, "object_id": "23", "object_repr": "iPhone Pro (Silky White, 8GB RAM, 128GB)", "action_flag": 1, "change_message": "[{\"added\": {}}]"}}, {"model": "admin.logentry", "pk": 58, "fields": {"action_time": "2022-09-04T10:19:32.508Z", "user": 1, "content_type": 14, "object_id": "24", "object_repr": "iPhone A1K Phone (Red, 2GB RAM, 32GB)", "action_flag": 1, "change_message": "[{\"added\": {}}]"}}, {"model": "admin.logentry", "pk": 59, "fields": {"action_time": "2022-09-16T12:27:34.968Z", "user": 1, "content_type": 14, "object_id": "24", "object_repr": "iPhone A1K Phone (Red, 2GB RAM, 32GB)", "action_flag": 2, "change_message": "[{\"changed\": {\"fields\": [\"Image\"]}}]"}}, {"model": "admin.logentry", "pk": 60, "fields": {"action_time": "2022-09-16T12:27:53.650Z", "user": 1, "content_type": 14, "object_id": "23", "object_repr": "iPhone Pro (Silky White, 8GB RAM, 128GB)", "action_flag": 2, "change_message": "[{\"changed\": {\"fields\": [\"Image\"]}}]"}}, {"model": "admin.logentry", "pk": 61, "fields": {"action_time": "2022-09-16T12:28:07.437Z", "user": 1, "content_type": 14, "object_id": "22", "object_repr": "Iphone 2F (Sky White, 6GB RAM, 256GB)", "action_flag": 2, "change_message": "[{\"changed\": {\"fields\": [\"Image\"]}}]"}}, {"model": "admin.logentry", "pk": 62, "fields": {"action_time": "2022-09-16T12:30:28.015Z", "user": 1, "content_type": 14, "object_id": "21", "object_repr": "Redmi Note 9 Pro (Interstellar Black, 4GB RAM, 64GB)", "action_flag": 2, "change_message": "[{\"changed\": {\"fields\": [\"Image\"]}}]"}}, {"model": "admin.logentry", "pk": 63, "fields": {"action_time": "2022-09-16T12:30:54.937Z", "user": 1, "content_type": 14, "object_id": "20", "object_repr": "Redmi 8A Dual (Sky White, 3GB RAM, 64GB)", "action_flag": 2, "change_message": "[{\"changed\": {\"fields\": [\"Image\"]}}]"}}, {"model": "admin.logentry", "pk": 64, "fields": {"action_time": "2022-09-16T12:31:26.316Z", "user": 1, "content_type": 14, "object_id": "19", "object_repr": "Redmi 9 Prime (Mint Green, 4GB RAM, 64GB)", "action_flag": 2, "change_message": "[{\"changed\": {\"fields\": [\"Image\"]}}]"}}, {"model": "admin.logentry", "pk": 65, "fields": {"action_time": "2022-09-16T12:31:48.744Z", "user": 1, "content_type": 14, "object_id": "18", "object_repr": "Redmi 9A (Sea Blue, 2GB Ram, 32GB)", "action_flag": 2, "change_message": "[{\"changed\": {\"fields\": [\"Image\"]}}]"}}, {"model": "admin.logentry", "pk": 66, "fields": {"action_time": "2022-09-16T13:01:12.145Z", "user": 1, "content_type": 14, "object_id": "16", "object_repr": "Redmi 9A (Nature Green, 2GB Ram, 32GB)", "action_flag": 2, "change_message": "[{\"changed\": {\"fields\": [\"Sku\", \"Image\"]}}]"}}, {"model": "admin.logentry", "pk": 67, "fields": {"action_time": "2022-09-16T13:01:32.001Z", "user": 1, "content_type": 14, "object_id": "15", "object_repr": "Lenovo F17 (Dynamic Orange, 8GB RAM, 128GB)", "action_flag": 2, "change_message": "[{\"changed\": {\"fields\": [\"Image\"]}}]"}}, {"model": "admin.logentry", "pk": 68, "fields": {"action_time": "2022-09-16T13:01:42.528Z", "user": 1, "content_type": 14, "object_id": "14", "object_repr": "Lenovo F17 (Classic Silver, 6GB RAM, 128GB)", "action_flag": 2, "change_message": "[{\"changed\": {\"fields\": [\"Image\"]}}]"}}, {"model": "admin.logentry", "pk": 69, "fields": {"action_time": "2022-09-16T13:01:53.539Z", "user": 1, "content_type": 14, "object_id": "13", "object_repr": "Lenovo A53 (Electric Black, 4GB RAM, 64GB)", "action_flag": 2, "change_message": "[{\"changed\": {\"fields\": [\"Image\"]}}]"}}, {"model": "admin.logentry", "pk": 70, "fields": {"action_time": "2022-09-16T13:02:12.938Z", "user": 1, "content_type": 14, "object_id": "12", "object_repr": "Lenovo F17 (Navy Blue, 6GB RAM, 128GB)", "action_flag": 2, "change_message": "[{\"changed\": {\"fields\": [\"Image\"]}}]"}}, {"model": "admin.logentry", "pk": 71, "fields": {"action_time": "2022-09-16T13:02:25.883Z", "user": 1, "content_type": 14, "object_id": "11", "object_repr": "Lenovo A5s (Blue, 4GB RAM, 64GB)", "action_flag": 2, "change_message": "[{\"changed\": {\"fields\": [\"Image\"]}}]"}}, {"model": "admin.logentry", "pk": 72, "fields": {"action_time": "2022-09-16T13:02:39.951Z", "user": 1, "content_type": 14, "object_id": "10", "object_repr": "Lenovo A53 (Fairy White, 4GB RAM, 64GB)", "action_flag": 2, "change_message": "[{\"changed\": {\"fields\": [\"Image\"]}}]"}}, {"model": "admin.logentry", "pk": 73, "fields": {"action_time": "2022-09-16T13:02:58.415Z", "user": 1, "content_type": 14, "object_id": "9", "object_repr": "Lenovo F17 (Dynamic Orange, 6GB RAM, 128GB)", "action_flag": 2, "change_message": "[{\"changed\": {\"fields\": [\"Image\"]}}]"}}, {"model": "admin.logentry", "pk": 74, "fields": {"action_time": "2022-09-16T13:03:15.415Z", "user": 1, "content_type": 14, "object_id": "8", "object_repr": "Lenovo A31 (Mystery Black, 6GB RAM, 128GB)", "action_flag": 2, "change_message": "[{\"changed\": {\"fields\": [\"Image\"]}}]"}}, {"model": "admin.logentry", "pk": 75, "fields": {"action_time": "2022-09-16T14:59:15.118Z", "user": 1, "content_type": 14, "object_id": "7", "object_repr": "Samsung Galaxy M31 Prime Edition (Space Black, 6GB RAM, 128GB)", "action_flag": 2, "change_message": "[{\"changed\": {\"fields\": [\"Image\"]}}]"}}, {"model": "admin.logentry", "pk": 76, "fields": {"action_time": "2022-09-16T14:59:23.739Z", "user": 1, "content_type": 14, "object_id": "6", "object_repr": "Samsung Galaxy M51 (Electric Blue, 6GB RAM, 128GB)", "action_flag": 2, "change_message": "[{\"changed\": {\"fields\": [\"Image\"]}}]"}}, {"model": "admin.logentry", "pk": 77, "fields": {"action_time": "2022-09-16T14:59:34.732Z", "user": 1, "content_type": 14, "object_id": "5", "object_repr": "Samsung Galaxy M31 (Ocean Blue, 6GB RAM, 128GB)", "action_flag": 2, "change_message": "[{\"changed\": {\"fields\": [\"Image\"]}}]"}}, {"model": "admin.logentry", "pk": 78, "fields": {"action_time": "2022-09-16T14:59:42.902Z", "user": 1, "content_type": 14, "object_id": "4", "object_repr": "Samsung Galaxy M01 (Black, 3GB RAM, 32GB)", "action_flag": 2, "change_message": "[{\"changed\": {\"fields\": [\"Image\"]}}]"}}, {"model": "admin.logentry", "pk": 79, "fields": {"action_time": "2022-09-16T15:15:49.719Z", "user": 1, "content_type": 14, "object_id": "3", "object_repr": "Samsung Galaxy M01 Core (Black, 2GB RAM, 32GB)", "action_flag": 2, "change_message": "[{\"changed\": {\"fields\": [\"Image\"]}}]"}}, {"model": "admin.logentry", "pk": 80, "fields": {"action_time": "2022-09-16T15:16:12.711Z", "user": 1, "content_type": 14, "object_id": "3", "object_repr": "Samsung Galaxy M01 Core (Black, 2GB RAM, 32GB)", "action_flag": 2, "change_message": "[{\"changed\": {\"fields\": [\"Image\"]}}]"}}, {"model": "admin.logentry", "pk": 81, "fields": {"action_time": "2022-09-16T15:16:20.933Z", "user": 1, "content_type": 14, "object_id": "2", "object_repr": "Samsung Galaxy M01 (Blue, 3GB RAM, 32GB)", "action_flag": 2, "change_message": "[{\"changed\": {\"fields\": [\"Image\"]}}]"}}, {"model": "admin.logentry", "pk": 82, "fields": {"action_time": "2022-09-16T15:16:28.123Z", "user": 1, "content_type": 14, "object_id": "1", "object_repr": "Samsung Galaxy M21 (Raven Black, 4GB RAM, 64GB)", "action_flag": 2, "change_message": "[{\"changed\": {\"fields\": [\"Image\"]}}]"}}, {"model": "admin.logentry", "pk": 83, "fields": {"action_time": "2022-09-19T19:49:48.341Z", "user": 1, "content_type": 16, "object_id": "13", "object_repr": "01AD2F0BDF654EDA8EC64E1BFAA0E957", "action_flag": 3, "change_message": ""}}, {"model": "admin.logentry", "pk": 84, "fields": {"action_time": "2022-09-19T19:50:14.601Z", "user": 1, "content_type": 16, "object_id": "12", "object_repr": "271D4C97E1CF4577A64DC9F29A6206A0", "action_flag": 3, "change_message": ""}}, {"model": "admin.logentry", "pk": 85, "fields": {"action_time": "2022-09-20T19:50:22.781Z", "user": 1, "content_type": 14, "object_id": "25", "object_repr": "Deepak Jadoun", "action_flag": 3, "change_message": ""}}, {"model": "admin.logentry", "pk": 86, "fields": {"action_time": "2022-09-20T20:34:36.955Z", "user": 1, "content_type": 14, "object_id": "11", "object_repr": "Lenovo A5s (Blue, 4GB RAM, 64GB)", "action_flag": 3, "change_message": ""}}, {"model": "auth.user", "pk": 1, "fields": {"password": "pbkdf2_sha256$260000$RZuIQnnPSVJt1spCxjfduh$oKGXv6mU7Zm7bQS+Gflq6f+s1dyZJDG4uNJ/WHCLIzI=", "last_login": "2022-09-21T18:44:30.741Z", "is_superuser": true, "username": "admin31", "first_name": "", "last_name": "", "email": "", "is_staff": true, "is_active": true, "date_joined": "2022-08-22T19:03:14.054Z", "groups": [], "user_permissions": []}}, {"model": "auth.user", "pk": 2, "fields": {"password": "pbkdf2_sha256$260000$eFqxtBTucbP9zeREbP9AiS$W2DvHeAGVup063elyGXzLR6dpdt33Bt3+M8ZD76uTL4=", "last_login": "2022-09-17T15:52:42.317Z", "is_superuser": false, "username": "admin32", "first_name": "", "last_name": "", "email": "deepakj@clickandgo.com", "is_staff": false, "is_active": true, "date_joined": "2022-09-17T15:51:29.763Z", "groups": [], "user_permissions": []}}, {"model": "sessions.session", "pk": "1rptxi2q94xo30f8cri58khamouwg635", "fields": {"session_data": "eyJiYWciOnsiMyI6MiwiOSI6MX19:1oX5VZ:0DcferAXhJ4f5i0iUG71E9dBSQmQcTL9StKy2xRl9Wk", "expire_date": "2022-09-24T18:47:13.666Z"}}, {"model": "sessions.session", "pk": "3xlxvejpbgc217kifoow0lvq1c75rr3x", "fields": {"session_data": "eyJiYWciOnsiMyI6MywiNyI6Mn19:1oWz6W:YeS5v3VwxQ9PnJ_t_zhs7UfDXLtvU---VqIj366W4AA", "expire_date": "2022-09-24T11:56:56.439Z"}}, {"model": "sessions.session", "pk": "5z86fr9mgqejey158iy8cc6a9waclo4e", "fields": {"session_data": "eyJiYWciOnsiMyI6OH19:1oWz41:h1zj48O3fQQMXqtWMiM850zA4QNtc8uXPDN7plOinHc", "expire_date": "2022-09-24T11:54:21.228Z"}}, {"model": "sessions.session", "pk": "c9yvs0o5hfsauietrynehj9p5w4oniww", "fields": {"session_data": ".eJxVjDsOgzAQRO-yNbKCsTHrMn3OgHbXa8hHIPGpEHdPiGhoppj3ZjZg6iBuUEMsC6j-2UC0ewEtrUvfrrNO7TNBhBIuHZO8dThAetHQjUbGYZmebA7FnHQ2jzHp5366l4Oe5v631uDRM7G_ibJ3KE0dMrqgISfOpXVWKpdsjeI1CQlylTM5RHGETAj7Fz97PuM:1oXo2g:Z89_CJVyBNW1170t2dt9JrSjhdLU-X_WiuNZsd5_v3U", "expire_date": "2022-09-26T18:20:22.042Z"}}, {"model": "sessions.session", "pk": "dkw6oqnx25q5ogmptc14dmfa1brcppea", "fields": {"session_data": ".eJxVjMsOwiAQRf-FtSF9QHG6dO83kJlhsKgBU9pEY_x3beJCt_ece57K47pMfq0y-xTUqFq1-90I-SJ5A-GM-VQ0l7zMifSm6C-t-liCXA9f9y8wYZ0-b3EWLCHZhoWsAd4PLoJx4mKg2Ham496EbgC2EhgZqI8RDQAbBELYolVqTSV7ud_S_FBj83oDwW9ATQ:1oQD7S:fs4OUkTUzRikoNEBmQvjlO7T1pKGD6GMYVGEW_hBFzo", "expire_date": "2022-09-05T19:29:54.253Z"}}, {"model": "sessions.session", "pk": "fk0ujo8b82vpy3mymp2g0eohgu98ei0d", "fields": {"session_data": ".eJxVjDkOgzAQRe8yNbKCF5xxmT5nQDPjMWQRSCwV4u4JEg3tf-_9DZg6SBs4SK4C6yHVewUtrUvfrrNO7StDghouG5N8dDhAftPQjUbGYZlebA7FnHQ2zzHr93G6l4Oe5v5fawwYmDjcRDl4lHsTC_qosWQutfVWnM-2QQmahQTZlUIeUTwhE8L-A41JPgE:1oW1WA:E6k-gc4a17nEpw1AUdI0PigsYdGQXf6pASQ4tBLToj4", "expire_date": "2022-09-21T20:19:26.928Z"}}, {"model": "sessions.session", "pk": "fytmgqht92lg163vadmeu37s6wjgh4u6", "fields": {"session_data": ".eJxVjMsOwiAQRf-FtSF9QHG6dO83kJlhsKgBU9pEY_x3beJCt_ece57K47pMfq0y-xTUqFq1-90I-SJ5A-GM-VQ0l7zMifSm6C-t-liCXA9f9y8wYZ0-b3EWLCHZhoWsAd4PLoJx4mKg2Ham496EbgC2EhgZqI8RDQAbBELYolVqTSV7ud_S_FBj83oDwW9ATQ:1oajwz:Y5-ot6rfkzBCBIQItPRmcdEkxQqtGyfKCs2Mng1p3Yk", "expire_date": "2022-10-04T20:34:37.123Z"}}, {"model": "sessions.session", "pk": "g7agpjsn7s5b2u8l0m4dcbegsgaaml5t", "fields": {"session_data": "eyJiYWciOnsiMiI6Mn19:1oWyYo:LKpuG6w4vET3rw4qzxKtdNTpMcMvYrcKT_EW2h1AgoQ", "expire_date": "2022-09-24T11:22:06.704Z"}}, {"model": "sessions.session", "pk": "gw9a34zj7x036l2swh03zqwul2yzv378", "fields": {"session_data": "e30:1oZZn8:-3wTHBLL94ft53MrefndvXb9lZahvgmaZ6pZXbwAOFM", "expire_date": "2022-10-01T15:31:38.443Z"}}, {"model": "sessions.session", "pk": "ini0ddewvp1djeig0ouriwq8kawpwec1", "fields": {"session_data": "eyJiYWciOnsiNiI6MX19:1oW25i:rl6r7XPTg2CUCJBg1HqJe-J5PduY7NNbiasx-gKUJbA", "expire_date": "2022-09-21T20:56:10.048Z"}}, {"model": "sessions.session", "pk": "mtypqflaswnpc1i5vziozbi7fm1w4ydo", "fields": {"session_data": ".eJxVjEsOgzAMBe_iNYogJKTOsvueAdmOA_0IJD4rxN0LEot2-2bebNDSuvTtOuvUPhNEqKD43ZjkrcMJ0ouGbjQyDsv0ZHMq5qKzeYxJP_fL_Qv0NPfHW4NHz8S-FGXvUG5NyOiChpw4V9ZZqV2yDYrXJCTIdc7kEMURMuERZeogblCVEF0BNUS771_ivj3-:1oVzqZ:mLcHpjAl7RDRGYyoWvNgeDV3vu_oijww0vZP_s4ogVo", "expire_date": "2022-09-21T18:32:23.516Z"}}, {"model": "sessions.session", "pk": "p9jmodcdf0v055e4xgo8odpy3qbx7wt2", "fields": {"session_data": ".eJxVj8FugzAQRH_F2rOFwLFDzbH3nnoMkbVer4GUQoRBahTl32skDu31zZtZ7RMcbmvvtsSLGwI0UIH8yzzSF097EG44dXNB87Qugy92pTjSVHzMgcf3w_030GPqc5trY41Hb0pib7Slt3Mdra65jsHHSmlFJx3U2ZLhQEjWn2JEbS1ptB7tPpo4pWGeHP_ch-UBTSnBYwfNE1QJTSVBGWjUK5vf2cSOUz58ubTg3C3l3kFbkKKUQhkpWvjciDKO2zg-RP6BVw6iEvdlDhutRQvXK7x-AbelYE0:1oajGA:S79qiGMId-PI_CxIk7S7nsx6QVGF93b4x3oME3aHvEg", "expire_date": "2022-10-04T19:50:22.789Z"}}, {"model": "sessions.session", "pk": "tmuj5dc2v11j2vv2tezjxhtkul8cdi8g", "fields": {"session_data": ".eJxljEEOwiAUBe_CumkoUFq6dO8ZyAc-FkUwpTUa4921pjExbmfmvQcBa_OSZn3FKfiATuMZQiRDWmKsvnYpOJGBMFIRDcs8foAO7p8ZsCdMq3BHSIdc25zmKZh6TerNlnqfHcbd1v4cjFDG91opzlkjuWGUOk8l7Vt03AsPraTYCdkYKqVXgnGJikPXW9EZ6LAxjVemX08LlhJy0ni7hOlOBvp8AUBhT-c:1oZa7W:ujShNISMPOgyDra83eKseDDVkj3d_nuage4aIpDtf0M", "expire_date": "2022-10-01T15:52:42.369Z"}}, {"model": "sessions.session", "pk": "tn103cyy84beurf022kqaaunpf600suc", "fields": {"session_data": ".eJxVjEEOwiAQRe_CuiFtheJ06d4zkGEYLGrAQGs0xrtrky50-9_77yUsLvNkl8rFRi9G0Ynmd3NIF04r8GdMpywpp7lEJ1dFbrTKY_Z8PWzuX2DCOn3fbDRoh063xE4roP1gAijDJngXul71tFO-H4A0e0ICtwsBFQApBIewRivXGnOy_LjF8hRj24iKd7YxhSzGuSz8_gA5KEZx:1oaMxr:ckouGk_WstzG695igd0USUSXp-lOPHInjQDBOgcC1A4", "expire_date": "2022-10-03T20:01:59.042Z"}}, {"model": "sessions.session", "pk": "ulkvya1tybm884ih2l8gub695rshtccu", "fields": {"session_data": "eyJiYWciOnsiMyI6M319:1oX06W:uDEUcElLWlMsNJ_XFmC_2nR1hqOjq42pJjAD1t26c4Q", "expire_date": "2022-09-24T13:01:00.435Z"}}, {"model": "sessions.session", "pk": "utyieq1qai6az868hfqjrunh3q8q5vy8", "fields": {"session_data": ".eJxVjEEOgjAQRe8ya9JAbcFh6d4zkJnpFFADhkKiIdxdSVjo9r_33woNLXPXLEmnpg9QQwHZ78Ykdx12EG40tKORcZinns2umIMmcx2DPi6H-xfoKHXft1YePRP7XJS9QzmXVURXaRUDx8I6KycXbIniNQgJ8ilGcojiCJlwjyZNqR-HRl_PfnpDnWfA1EK9QmGhLrbtA6F1RCs:1ob599:le8SLGqFEYRRQytzqS7SZuDFKEEW1s1k6Y3Tbiiutoo", "expire_date": "2022-10-05T19:12:35.842Z"}}, {"model": "sessions.session", "pk": "vh4gf4zybvency21eu6cwb7u72gss9ll", "fields": {"session_data": "eyJiYWciOnsiMyI6NCwiNyI6NSwiNiI6MX19:1oW1BP:lGdPe7kUlfduT8IdDa8F4ZQMwRDr5nWwkuNaEQWzb-k", "expire_date": "2022-09-21T19:57:59.553Z"}}, {"model": "sessions.session", "pk": "wts9qnmk52lq8abx3qo67ov1jebsl52m", "fields": {"session_data": ".eJxVjMsOwiAQRf-FtSF9QHG6dO83kJlhsKgBU9pEY_x3beJCt_ece57K47pMfq0y-xTUqFq1-90I-SJ5A-GM-VQ0l7zMifSm6C-t-liCXA9f9y8wYZ0-b3EWLCHZhoWsAd4PLoJx4mKg2Ham496EbgC2EhgZqI8RDQAbBELYolVqTSV7ud_S_FBj83oDwW9ATQ:1oakBS:he46X2z-Jy2QjGn5QjWYWFmblhWnMwl8IFuM4hnU-Vo", "expire_date": "2022-10-04T20:49:34.644Z"}}, {"model": "sites.site", "pk": 1, "fields": {"domain": "my-phone.example.com", "name": "My-Phone"}}, {"model": "account.emailaddress", "pk": 1, "fields": {"user": 1, "email": "deepaksinghj72@gmail.com", "verified": true, "primary": true}}, {"model": "account.emailaddress", "pk": 2, "fields": {"user": 2, "email": "deepakj@clickandgo.com", "verified": true, "primary": true}}, {"model": "products.category", "pk": 1, "fields": {"name": "samsung", "friendly_name": "Samsung"}}, {"model": "products.category", "pk": 2, "fields": {"name": "iphone", "friendly_name": "iPhone"}}, {"model": "products.category", "pk": 3, "fields": {"name": "lenovo", "friendly_name": "Lenovo"}}, {"model": "products.category", "pk": 4, "fields": {"name": "redmi", "friendly_name": "Redmi"}}, {"model": "products.product", "pk": 1, "fields": {"category": 1, "sku": "14999", "name": "Samsung Galaxy M21 (Raven Black, 4GB RAM, 64GB)", "description": "We don't know when or if this item will be back in stock.\r\nBrand\tSamsung\r\nModel Number\tSM-M015GZBDINS\r\nOS\tAndroid 10.0\r\nCPU Speed\t2 GHz\r\nMemory Storage Capacity\t32 GB\r\nAbout this item\r\n13MP (F2.2) main camera + 2MP (F2.4) depth rear camera | 5MP (F2.2) front camera\r\n5.7-inch (14.51 centimeters) infinity V cut display, HD+ capacitive multi-touch touchscreen with 720 x 1520 pixels resolution, 294 ppi | 16M color support\r\nMemory, Storage & SIM: 3GB RAM | 32GB internal memory expandable up to 512GB | Dual SIM (nano+nano) dual-standby (4G+4G)\r\nAndroid v10.0 operating system with 2GHz+1.45GHz Qualcomm | SDM439 octa core processor\r\n4000mAH lithium-ion battery\r\n1 year manufacturer warranty for device and 6 months manufacturer warranty for in-box accessories including batteries from the date of purchase\r\nBox also includes: Travel adapter, USB cable and user manual. The box does not include earphones", "price": "400.00", "rating": "4.35", "image_url": "https://images-na.ssl-images-amazon.com/images/I/71zb0UaK0PL._SY879_.jpg", "image": "samsung1_QL70_ML2__381x380.jpg", "likes": []}}, {"model": "products.product", "pk": 2, "fields": {"category": 1, "sku": "16499", "name": "Samsung Galaxy M01 (Blue, 3GB RAM, 32GB)", "description": "We don't know when or if this item will be back in stock.\r\nBrand\tSamsung\r\nModel Number\tSM-M015GZBDINS\r\nOS\tAndroid 10.0\r\nCPU Speed\t2 GHz\r\nMemory Storage Capacity\t32 GB\r\nAbout this item\r\n13MP (F2.2) main camera + 2MP (F2.4) depth rear camera | 5MP (F2.2) front camera\r\n5.7-inch (14.51 centimeters) infinity V cut display, HD+ capacitive multi-touch touchscreen with 720 x 1520 pixels resolution, 294 ppi | 16M color support\r\nMemory, Storage & SIM: 3GB RAM | 32GB internal memory expandable up to 512GB | Dual SIM (nano+nano) dual-standby (4G+4G)\r\nAndroid v10.0 operating system with 2GHz+1.45GHz Qualcomm | SDM439 octa core processor\r\n4000mAH lithium-ion battery\r\n1 year manufacturer warranty for device and 6 months manufacturer warranty for in-box accessories including batteries from the date of purchase\r\nBox also includes: Travel adapter, USB cable and user manual. The box does not include earphones", "price": "420.00", "rating": "4.40", "image_url": "https://images-na.ssl-images-amazon.com/images/I/710weRkP-nL._SY879_.jpg", "image": "samsung_QL70_ML2__380x381.jpg", "likes": []}}, {"model": "products.product", "pk": 3, "fields": {"category": 1, "sku": "13999", "name": "Samsung Galaxy M01 Core (Black, 2GB RAM, 32GB)", "description": "We don't know when or if this item will be back in stock.\r\nBrand\tSamsung\r\nModel Number\tSM-M015GZBDINS\r\nOS\tAndroid 10.0\r\nCPU Speed\t2 GHz\r\nMemory Storage Capacity\t32 GB\r\nAbout this item\r\n13MP (F2.2) main camera + 2MP (F2.4) depth rear camera | 5MP (F2.2) front camera\r\n5.7-inch (14.51 centimeters) infinity V cut display, HD+ capacitive multi-touch touchscreen with 720 x 1520 pixels resolution, 294 ppi | 16M color support\r\nMemory, Storage & SIM: 3GB RAM | 32GB internal memory expandable up to 512GB | Dual SIM (nano+nano) dual-standby (4G+4G)\r\nAndroid v10.0 operating system with 2GHz+1.45GHz Qualcomm | SDM439 octa core processor\r\n4000mAH lithium-ion battery\r\n1 year manufacturer warranty for device and 6 months manufacturer warranty for in-box accessories including batteries from the date of purchase\r\nBox also includes: Travel adapter, USB cable and user manual. The box does not include earphones", "price": "455.00", "rating": "4.40", "image_url": "https://images-na.ssl-images-amazon.com/images/I/71dujTTJDZL._SY879_.jpg", "image": "81YChJV8mL._AC_SY300_SX300__381x380.jpg", "likes": []}}, {"model": "products.product", "pk": 4, "fields": {"category": 1, "sku": "16499", "name": "Samsung Galaxy M01 (Black, 3GB RAM, 32GB)", "description": "We don't know when or if this item will be back in stock.\r\nBrand\tSamsung\r\nModel Number\tSM-M015GZBDINS\r\nOS\tAndroid 10.0\r\nCPU Speed\t2 GHz\r\nMemory Storage Capacity\t32 GB\r\nAbout this item\r\n13MP (F2.2) main camera + 2MP (F2.4) depth rear camera | 5MP (F2.2) front camera\r\n5.7-inch (14.51 centimeters) infinity V cut display, HD+ capacitive multi-touch touchscreen with 720 x 1520 pixels resolution, 294 ppi | 16M color support\r\nMemory, Storage & SIM: 3GB RAM | 32GB internal memory expandable up to 512GB | Dual SIM (nano+nano) dual-standby (4G+4G)\r\nAndroid v10.0 operating system with 2GHz+1.45GHz Qualcomm | SDM439 octa core processor\r\n4000mAH lithium-ion battery\r\n1 year manufacturer warranty for device and 6 months manufacturer warranty for in-box accessories including batteries from the date of purchase\r\nBox also includes: Travel adapter, USB cable and user manual. The box does not include earphones", "price": "399.00", "rating": "4.00", "image_url": "https://images-na.ssl-images-amazon.com/images/I/71-Su4Wr0HL._SY879_.jpg", "image": "81eqn9bG9L._AC_SY300_SX300__381x380.jpg", "likes": []}}, {"model": "products.product", "pk": 5, "fields": {"category": 1, "sku": "7499", "name": "Samsung Galaxy M31 (Ocean Blue, 6GB RAM, 128GB)", "description": "We don't know when or if this item will be back in stock.\r\nBrand\tSamsung\r\nModel Number\tSM-M015GZBDINS\r\nOS\tAndroid 10.0\r\nCPU Speed\t2 GHz\r\nMemory Storage Capacity\t32 GB\r\nAbout this item\r\n13MP (F2.2) main camera + 2MP (F2.4) depth rear camera | 5MP (F2.2) front camera\r\n5.7-inch (14.51 centimeters) infinity V cut display, HD+ capacitive multi-touch touchscreen with 720 x 1520 pixels resolution, 294 ppi | 16M color support\r\nMemory, Storage & SIM: 3GB RAM | 32GB internal memory expandable up to 512GB | Dual SIM (nano+nano) dual-standby (4G+4G)\r\nAndroid v10.0 operating system with 2GHz+1.45GHz Qualcomm | SDM439 octa core processor\r\n4000mAH lithium-ion battery\r\n1 year manufacturer warranty for device and 6 months manufacturer warranty for in-box accessories including batteries from the date of purchase\r\nBox also includes: Travel adapter, USB cable and user manual. The box does not include earphones", "price": "509.00", "rating": "4.10", "image_url": "https://images-na.ssl-images-amazon.com/images/I/81onqHVeECL._SY879_.jpg", "image": "81-cS1RSadL._AC_SX679__380x381.jpg", "likes": []}}, {"model": "products.product", "pk": 6, "fields": {"category": 1, "sku": "5999", "name": "Samsung Galaxy M51 (Electric Blue, 6GB RAM, 128GB)", "description": "We don't know when or if this item will be back in stock.\r\nBrand\tSamsung\r\nModel Number\tSM-M015GZBDINS\r\nOS\tAndroid 10.0\r\nCPU Speed\t2 GHz\r\nMemory Storage Capacity\t32 GB\r\nAbout this item\r\n13MP (F2.2) main camera + 2MP (F2.4) depth rear camera | 5MP (F2.2) front camera\r\n5.7-inch (14.51 centimeters) infinity V cut display, HD+ capacitive multi-touch touchscreen with 720 x 1520 pixels resolution, 294 ppi | 16M color support\r\nMemory, Storage & SIM: 3GB RAM | 32GB internal memory expandable up to 512GB | Dual SIM (nano+nano) dual-standby (4G+4G)\r\nAndroid v10.0 operating system with 2GHz+1.45GHz Qualcomm | SDM439 octa core processor\r\n4000mAH lithium-ion battery\r\n1 year manufacturer warranty for device and 6 months manufacturer warranty for in-box accessories including batteries from the date of purchase\r\nBox also includes: Travel adapter, USB cable and user manual. The box does not include earphones", "price": "350.00", "rating": "3.50", "image_url": "https://images-na.ssl-images-amazon.com/images/I/71AYb2AGHXL._SY879_.jpg", "image": "61Rueuij0S._AC_SY741__381x380.jpg", "likes": []}}, {"model": "products.product", "pk": 7, "fields": {"category": 1, "sku": "16499", "name": "Samsung Galaxy M31 Prime Edition (Space Black, 6GB RAM, 128GB)", "description": "We don't know when or if this item will be back in stock.\r\nBrand\tSamsung\r\nModel Number\tSM-M015GZBDINS\r\nOS\tAndroid 10.0\r\nCPU Speed\t2 GHz\r\nMemory Storage Capacity\t32 GB\r\nAbout this item\r\n13MP (F2.2) main camera + 2MP (F2.4) depth rear camera | 5MP (F2.2) front camera\r\n5.7-inch (14.51 centimeters) infinity V cut display, HD+ capacitive multi-touch touchscreen with 720 x 1520 pixels resolution, 294 ppi | 16M color support\r\nMemory, Storage & SIM: 3GB RAM | 32GB internal memory expandable up to 512GB | Dual SIM (nano+nano) dual-standby (4G+4G)\r\nAndroid v10.0 operating system with 2GHz+1.45GHz Qualcomm | SDM439 octa core processor\r\n4000mAH lithium-ion battery\r\n1 year manufacturer warranty for device and 6 months manufacturer warranty for in-box accessories including batteries from the date of purchase\r\nBox also includes: Travel adapter, USB cable and user manual. The box does not include earphones", "price": "480.00", "rating": "4.10", "image_url": "https://images-na.ssl-images-amazon.com/images/I/81o1rDu5FZL._SY879_.jpg", "image": "61FUzH5FtWL._AC_SX679__380x381.jpg", "likes": []}}, {"model": "products.product", "pk": 8, "fields": {"category": 3, "sku": "11990", "name": "Lenovo A31 (Mystery Black, 6GB RAM, 128GB)", "description": "About this item\r\n12+2+2MP triple rear camera (12MP main camera+2MP macro lens+2MP depth camera) with Portrait bokeh, macro lens, dazzle color mode, AI beautification | 8MP front camera. OTG : Supported NFC : No\r\n16.5 centimeters (6.5-inch) waterdrop multi touch screen with an 89% screen to body ratio | 1600 x 720 pixels resolution, 269 ppi pixel density\r\nMemory, Storage & SIM: 6GB RAM | 128GB internal memory expandable up to 256GB | Dual SIM (nano+nano) dual-standby (4G+4G)\r\nAndroid Pie v9.0 based on ColorOS 6.1 operating system with 2.3GHz Mediatek 6765 octa core processor, IMG GE8320\r\n4230mAH lithium-polymer battery providing talk-time of 45 hours and standby time of 450 hours\r\n1 year manufacturer warranty for device and 6 months manufacturer warranty for in-box accessories including batteries from the date of purchase\r\nBox also includes: USB cable, Sim tray ejecter, pre-applied screen protector and protective case, booklet with warranty card and quick guide. The box does not include earphones", "price": "280.00", "rating": "3.90", "image_url": "https://images-na.ssl-images-amazon.com/images/I/71KCwNV6MuL._SX679_.jpg", "image": "81-xJ79cnjL._SX679__380x381.jpg", "likes": []}}, {"model": "products.product", "pk": 9, "fields": {"category": 3, "sku": "16990", "name": "Lenovo F17 (Dynamic Orange, 6GB RAM, 128GB)", "description": "Brand\tOppo\r\nOS\tAndroid\r\nCPU Speed\t2.1 GHz\r\nMemory Storage Capacity\t256 GB\r\nScreen Size\t6.5 Inches\r\nAbout this item\r\n48MP + 8MP + 2MP + 2MP | 16MP Front Camera\r\n16.51 cm (6.5 inch) Display\r\n4000 mAh Battery\r\nMediaTek Helio P70 Processor\r\nUltra Night Mode 2.0", "price": "410.00", "rating": "4.20", "image_url": "https://images-na.ssl-images-amazon.com/images/I/51daXWoYu2L._SX679_.jpg", "image": "81lDF673d9L._SX679__1_1_380x381.jpg", "likes": []}}, {"model": "products.product", "pk": 10, "fields": {"category": 3, "sku": "12989", "name": "Lenovo A53 (Fairy White, 4GB RAM, 64GB)", "description": "About this item\r\n13MP AI triple main camera + 2MP bokeh (depth of field) camera + 2MP macro camera with photo, video, professional mode panorama, portrait, time-lapse etc. | 16MP front punch hole camera\r\n16.51 centimeters (6.5 inch) punch-hole display with 90Hz screen refresh rate with 1600 x 7200 pixels resolution, 269 ppi pixel density and 16.7M color support | 89.2% screen to body ratio\r\nMemory, Storage & SIM: 4GB RAM | 64GB internal memory 3-card slot can support 256GB | Dual SIM (nano+nano) dual-standby (4G+4G)\r\nAndroid v10 ColorOS 7.2 operating system with 1.8GHz Qualcomm Snapdragon 460 octa core processor, Adreno 610 GPU\r\n5000mAH lithium-polymer massive battery with 18W fast charge technology\r\n1 year manufacturer warranty for device and 6 months manufacturer warranty for in-box accessories including batteries from the date of purchase\r\nBox also includes: Adapter, data cable, sim card ejector tool,quick start guide and warranty card. There is no earphone with the device", "price": "550.00", "rating": "4.50", "image_url": "https://images-na.ssl-images-amazon.com/images/I/71cnZVgDIoL._SX679_.jpg", "image": "81dBes518cL._SX679__1_380x381.jpg", "likes": []}}, {"model": "products.product", "pk": 12, "fields": {"category": 3, "sku": "16990", "name": "Lenovo F17 (Navy Blue, 6GB RAM, 128GB)", "description": "Memory, Storage & SIM: 6GB RAM | 128GB internal memory 3-card slot can support up to 256GB | Dual SIM (nano+nano) dual-standby (4G+4\r\n16MP main camera + 8MP wide angle camera + 2MP mono camera + 2MP mono rear camera with photo, video, panorama, portrait, night scenes, time-lapse photography, beauty selfies, etc. | 16MP front came\r\n4015mAH massive lithium-polymer battery with 30W VOOC flash charge 4\r\n1 year manufacturer warranty for device and 6 months manufacturer warranty for in-box accessories including batteries from the date of purchase\r\nBox also includes: Adapter, data cable, sim card ejector tool, earphones, quick start guide and warranty ca", "price": "465.00", "rating": "4.20", "image_url": "https://images-na.ssl-images-amazon.com/images/I/81lDF673d9L._SX679_.jpg", "image": "71KCwNV6MuL._SX679__380x381_ZhBYvwj.jpg", "likes": []}}, {"model": "products.product", "pk": 13, "fields": {"category": 3, "sku": "12989", "name": "Lenovo A53 (Electric Black, 4GB RAM, 64GB)", "description": "About this item\r\n13MP AI triple main camera + 2MP bokeh (depth of field) camera + 2MP macro camera with photo, video, professional mode panorama, portrait, time-lapse etc. | 16MP front punch hole camera\r\n16.51 centimeters (6.5 inch) punch-hole display with 90Hz screen refresh rate with 1600 x 7200 pixels resolution, 269 ppi pixel density and 16.7M color support | 89.2% screen to body ratio\r\nMemory, Storage & SIM: 4GB RAM | 64GB internal memory 3-card slot can support 256GB | Dual SIM (nano+nano) dual-standby (4G+4G)\r\nAndroid v10 ColorOS 7.2 operating system with 1.8GHz Qualcomm Snapdragon 460 octa core processor, Adreno 610 GPU\r\n5000mAH lithium-polymer massive battery with 18W fast charge technology\r\n1 year manufacturer warranty for device and 6 months manufacturer warranty for in-box accessories including batteries from the date of purchase\r\nBox also includes: Adapter, data cable, sim card ejector tool,quick start guide and warranty card. There is no earphone with the device", "price": "330.00", "rating": "4.10", "image_url": "https://images-na.ssl-images-amazon.com/images/I/71pu5oj8MvL._SX679_.jpg", "image": "71cnZVgDIoL._SX679__380x381.jpg", "likes": []}}, {"model": "products.product", "pk": 14, "fields": {"category": 3, "sku": "15490", "name": "Lenovo F17 (Classic Silver, 6GB RAM, 128GB)", "description": "Memory, Storage & SIM: 6GB RAM | 128GB internal memory 3-card slot can support up to 256GB | Dual SIM (nano+nano) dual-standby (4G+4\r\n16MP main camera + 8MP wide angle camera + 2MP mono camera + 2MP mono rear camera with photo, video, panorama, portrait, night scenes, time-lapse photography, beauty selfies, etc. | 16MP front came\r\n4015mAH massive lithium-polymer battery with 30W VOOC flash charge 4\r\n1 year manufacturer warranty for device and 6 months manufacturer warranty for in-box accessories including batteries from the date of purchase\r\nBox also includes: Adapter, data cable, sim card ejector tool, earphones, quick start guide and warranty ca", "price": "429.00", "rating": "4.10", "image_url": "https://images-na.ssl-images-amazon.com/images/I/81Nv7yT879L._SX679_.jpg", "image": "51TL8Wht6L._SX679__381x380.jpg", "likes": []}}, {"model": "products.product", "pk": 15, "fields": {"category": 3, "sku": "18490", "name": "Lenovo F17 (Dynamic Orange, 8GB RAM, 128GB)", "description": "About this item\r\nMemory, Storage & SIM: 6GB RAM | 128GB internal memory 3-card slot can support up to 256GB | Dual SIM (nano+nano) dual-standby (4G+4\r\n16MP main camera + 8MP wide angle camera + 2MP mono camera + 2MP mono rear camera with photo, video, panorama, portrait, night scenes, time-lapse photography, beauty selfies, etc. | 16MP front came\r\n4015mAH massive lithium-polymer battery with 30W VOOC flash charge 4\r\n1 year manufacturer warranty for device and 6 months manufacturer warranty for in-box accessories including batteries from the date of purchase\r\nBox also includes: Adapter, data cable, sim card ejector tool, earphones, quick start guide and warranty ca", "price": "469.00", "rating": "4.50", "image_url": "https://images-na.ssl-images-amazon.com/images/I/81-xJ79cnjL._SX679_.jpg", "image": "51daXWoYu2L._SX679__381x380.jpg", "likes": []}}, {"model": "products.product", "pk": 16, "fields": {"category": 4, "sku": "6997", "name": "Redmi 9A (Nature Green, 2GB Ram, 32GB)", "description": "About this item\r\nProcessor: MediaTek Helio G25 Octa-core; Up to 2.0GHz clock speed\r\nCamera: 13 MP Rear camera with AI portrait| 5 MP front camera\r\nDisplay: 16.58 centimeters (6.53-inch) HD+ display with 720x1600 pixels and 20:9 aspect ratio\r\nBattery: 5000 mAH large battery with 10W wired charger in-box\r\nMemory, Storage & SIM: 2GB RAM | 32GB storage | Dual SIM (nano+nano) + Dedicated SD card slot\r\nForm factor:Bar,Operating system:MIUI 12", "price": "299.00", "rating": "4.20", "image_url": "https://images-na.ssl-images-amazon.com/images/I/71hDPUM7VPL._SX679_.jpg", "image": "71KCwNV6MuL._SX679__380x381.jpg", "likes": []}}, {"model": "products.product", "pk": 17, "fields": {"category": 4, "sku": "8999", "name": "Redmi 9 (Sky Blue, 4GB RAM, 64GB)", "description": "About this item\r\nProcessor: Octa-core Helio G35 and upto 2.3GHz clock speed\r\nCamera: 13+2 MP Dual Rear camera with AI portrait| 5 MP front camera\r\nDisplay: 16.58 centimeters (6.53-inch) HD+ display with 720x1600 pixels and 20:9 aspect ratio\r\nBattery: 5000 mAH large battery with 10W wired charger in-box\r\nMemory, Storage & SIM: 4GB RAM | 64GB storage | Dual SIM (nano+nano) + Dedicated SD card slot", "price": "329.00", "rating": "4.30", "image_url": "https://images-na.ssl-images-amazon.com/images/I/71A9Vo1BatL._SX679_.jpg", "image": "71A9Vo1BatL._SX679_.jpg", "likes": []}}, {"model": "products.product", "pk": 18, "fields": {"category": 4, "sku": "6999", "name": "Redmi 9A (Sea Blue, 2GB Ram, 32GB)", "description": "About this item\r\nProcessor: MediaTek Helio G25 Octa-core; Up to 2.0GHz clock speed\r\nCamera: 13 MP Rear camera with AI portrait| 5 MP front camera\r\nDisplay: 16.58 centimeters (6.53-inch) HD+ display with 720x1600 pixels and 20:9 aspect ratio\r\nBattery: 5000 mAH large battery with 10W wired charger in-box\r\nMemory, Storage & SIM: 2GB RAM | 32GB storage | Dual SIM (nano+nano) + Dedicated SD card slot\r\nForm factor:Bar,Operating system:MIUI 12", "price": "259.00", "rating": "4.30", "image_url": "https://images-na.ssl-images-amazon.com/images/I/71hDPUM7VPL._SX679_.jpg", "image": "811axeBSeRL._SX679__380x381.jpg", "likes": []}}, {"model": "products.product", "pk": 19, "fields": {"category": 4, "sku": "9999", "name": "Redmi 9 Prime (Mint Green, 4GB RAM, 64GB)", "description": "About this item\r\n13MP quad rear camera, ultra-wide, macro, portrait, AI scene recognition, HDR, pro mode | 8 MP front camera\r\n16.58 centimeters (6.53-inch) FHD+ capacitive multi-touch touchscreen with 2340 x 1080 pixels resolution, 394 ppi pixel density and 19.5:9 aspect ratio\r\nMemory, Storage & SIM: 4GB | 64GB internal memory expandable up to 512GB | Dual SIM (nano+nano) + Dedicated SD card slot\r\nAndroid v10 operating system with 2.0 GHz Mediatek Helio G80 octa core processor\r\n5020 mAh large lithium-polymer battery with 18W charging support\r\n1 year manufacturer warranty for device and 6 months manufacturer warranty for in-box accessories including batteries from the date of purchase\r\nBox also includes: Power adapter, USB cable, SIM eject tool, warranty card, user guide, clear soft case", "price": "359.00", "rating": "4.50", "image_url": "https://images-na.ssl-images-amazon.com/images/I/71TwXw2LQRL._SX679_.jpg", "image": "71A9Vo1BatL._SX679__380x381.jpg", "likes": []}}, {"model": "products.product", "pk": 20, "fields": {"category": 4, "sku": "8299", "name": "Redmi 8A Dual (Sky White, 3GB RAM, 64GB)", "description": "About this item\r\n13MP quad rear camera, ultra-wide, macro, portrait, AI scene recognition, HDR, pro mode | 8 MP front camera\r\n16.58 centimeters (6.53-inch) FHD+ capacitive multi-touch touchscreen with 2340 x 1080 pixels resolution, 394 ppi pixel density and 19.5:9 aspect ratio\r\nMemory, Storage & SIM: 4GB | 64GB internal memory expandable up to 512GB | Dual SIM (nano+nano) + Dedicated SD card slot\r\nAndroid v10 operating system with 2.0 GHz Mediatek Helio G80 octa core processor\r\n5020 mAh large lithium-polymer battery with 18W charging support\r\n1 year manufacturer warranty for device and 6 months manufacturer warranty for in-box accessories including batteries from the date of purchase\r\nBox also includes: Power adapter, USB cable, SIM eject tool, warranty card, user guide, clear soft case", "price": "309.00", "rating": "3.50", "image_url": "https://images-na.ssl-images-amazon.com/images/I/710p2f-zAdL._SX679_.jpg", "image": "71TwXw2LQRL._SX679__380x381.jpg", "likes": []}}, {"model": "products.product", "pk": 21, "fields": {"category": 4, "sku": "12999", "name": "Redmi Note 9 Pro (Interstellar Black, 4GB RAM, 64GB)", "description": "About this item\r\n13MP quad rear camera, ultra-wide, macro, portrait, AI scene recognition, HDR, pro mode | 8 MP front camera\r\n16.58 centimeters (6.53-inch) FHD+ capacitive multi-touch touchscreen with 2340 x 1080 pixels resolution, 394 ppi pixel density and 19.5:9 aspect ratio\r\nMemory, Storage & SIM: 4GB | 64GB internal memory expandable up to 512GB | Dual SIM (nano+nano) + Dedicated SD card slot\r\nAndroid v10 operating system with 2.0 GHz Mediatek Helio G80 octa core processor\r\n5020 mAh large lithium-polymer battery with 18W charging support\r\n1 year manufacturer warranty for device and 6 months manufacturer warranty for in-box accessories including batteries from the date of purchase\r\nBox also includes: Power adapter, USB cable, SIM eject tool, warranty card, user guide, clear soft case", "price": "349.00", "rating": "4.20", "image_url": "https://images-na.ssl-images-amazon.com/images/I/811axeBSeRL._SX679_.jpg", "image": "71hDPUM7VPL._SX679__1_380x381.jpg", "likes": []}}, {"model": "products.product", "pk": 22, "fields": {"category": 2, "sku": "19990", "name": "Iphone 2F (Sky White, 6GB RAM, 256GB)", "description": "About this item\r\n48MP + 8MP + 2MP + 2MP | 16MP Front Camera\r\n16.51 cm (6.5 inch) Display\r\n4000 mAh Battery\r\nMediaTek Helio P70 Processor\r\nUltra Night Mode 2.0", "price": "399.00", "rating": "4.20", "image_url": "https://images-na.ssl-images-amazon.com/images/I/51TL8Wht6%2BL._SX679_.jpg", "image": "iphonegbpL._SX679__380x381.jpg", "likes": []}}, {"model": "products.product", "pk": 23, "fields": {"category": 2, "sku": "34990", "name": "iPhone Pro (Silky White, 8GB RAM, 128GB)", "description": "About this item\r\n48MP + 8MP + 2MP + 2MP | 16MP Front Camera\r\n16.51 cm (6.5 inch) Display\r\n4000 mAh Battery\r\nMediaTek Helio P70 Processor\r\nUltra Night Mode 2.0", "price": "209.00", "rating": "4.50", "image_url": "https://images-na.ssl-images-amazon.com/images/I/81dBes518cL._SX679_.jpg", "image": "iphones._SX679__381x380.jpg", "likes": []}}, {"model": "products.product", "pk": 24, "fields": {"category": 2, "sku": "17389", "name": "iPhone A1K Phone (Red, 2GB RAM, 32GB)", "description": "About this item\r\n48MP + 8MP + 2MP + 2MP | 16MP Front Camera\r\n16.51 cm (6.5 inch) Display\r\n4000 mAh Battery\r\nMediaTek Helio P70 Processor\r\nUltra Night Mode 2.0", "price": "369.00", "rating": "4.60", "image_url": "https://images-na.ssl-images-amazon.com/images/I/21adpO7OnLL.jpg", "image": "iphone._SL1500__381x380.jpg", "likes": []}}, {"model": "products.review", "pk": 4, "fields": {"user": 1, "product": 10, "title": "test", "user_review": "test review", "date_created": "2022-09-15T20:39:20.785Z"}}, {"model": "checkout.order", "pk": 1, "fields": {"order_number": "04FC98CEC7F546F99B97B90569104775", "user_profile": null, "full_name": "Deepak Jadoun", "phone_number": "0838940779", "email": "deepaksinghj72@gmail.com", "country": "Ireland", "town_or_city": "Dublin", "postcode": "d1", "street_address1": "2nd floor, 160 Parnell Street", "street_address2": null, "county": "Dublin", "date": "2022-09-13T19:28:23.285Z", "delivery_cost": "0.00", "order_total": "450.00", "grand_total": "450.00", "original_bag": "", "stripe_pid": ""}}, {"model": "checkout.order", "pk": 2, "fields": {"order_number": "4BD40821A36F49EF86B352838F30CD9B", "user_profile": null, "full_name": "Deepak Jadoun", "phone_number": "0838940779", "email": "deepaksinghj72@gmail.com", "country": "Ireland", "town_or_city": "Dublin", "postcode": "d1", "street_address1": "2nd floor, 160 Parnell Street", "street_address2": null, "county": "Dublin", "date": "2022-09-13T20:04:09.514Z", "delivery_cost": "0.00", "order_total": "469.00", "grand_total": "469.00", "original_bag": "", "stripe_pid": ""}}, {"model": "checkout.order", "pk": 3, "fields": {"order_number": "B6FE32F7370B4580ABF0AC053D6F932C", "user_profile": null, "full_name": "cHLOE PLUCK", "phone_number": "015397777", "email": "SALESRESOURCING@CLICKANDGO.COM", "country": "Ireland", "town_or_city": "DUBLIN", "postcode": "D01 X2E1", "street_address1": "27-32 Talbot St, Mountjoy,", "street_address2": "Dublin, D01 X2E1", "county": "DUBLIN", "date": "2022-09-13T20:05:33.452Z", "delivery_cost": "0.00", "order_total": "509.00", "grand_total": "509.00", "original_bag": "", "stripe_pid": ""}}, {"model": "checkout.order", "pk": 4, "fields": {"order_number": "7B2D98BED4634102B80A8C9584EC6A55", "user_profile": null, "full_name": "Sinead Kelly", "phone_number": "3162924", "email": "deepakj@clickandgo.com", "country": "Ireland", "town_or_city": "DUBLIN", "postcode": "D01 X2E1", "street_address1": "27-32 Talbot St, Mountjoy,", "street_address2": null, "county": "DUBLIN", "date": "2022-09-13T20:07:11.270Z", "delivery_cost": "0.00", "order_total": "450.00", "grand_total": "450.00", "original_bag": "", "stripe_pid": ""}}, {"model": "checkout.order", "pk": 5, "fields": {"order_number": "50C2A57226A94E7A877F163032960A66", "user_profile": null, "full_name": "Sinead Kelly", "phone_number": "3162924", "email": "deepakj@clickandgo.com", "country": "Ireland", "town_or_city": "DUBLIN", "postcode": "D01 X2E1", "street_address1": "27-32 Talbot St, Mountjoy,", "street_address2": null, "county": "DUBLIN", "date": "2022-09-14T19:46:22.722Z", "delivery_cost": "0.00", "order_total": "860.00", "grand_total": "860.00", "original_bag": "", "stripe_pid": ""}}, {"model": "checkout.order", "pk": 6, "fields": {"order_number": "D7A08FE1FB794B96B01BDE5311C254B7", "user_profile": null, "full_name": "cHLOE PLUCK", "phone_number": "0838940779", "email": "DEEPAKSINGHJ72@GMAIL.COM", "country": "Ireland", "town_or_city": "Dublin", "postcode": "D18E193", "street_address1": "2E Belarmine Drive, Stepaside", "street_address2": "Stepaside", "county": "Dublin", "date": "2022-09-14T19:48:34.681Z", "delivery_cost": "0.00", "order_total": "550.00", "grand_total": "550.00", "original_bag": "", "stripe_pid": ""}}, {"model": "checkout.order", "pk": 7, "fields": {"order_number": "4E51207D22FD4C85BFAD85E4507E637A", "user_profile": null, "full_name": "Sinead Kelly", "phone_number": "3162924", "email": "deepakj@clickandgo.com", "country": "Ireland", "town_or_city": "DUBLIN", "postcode": "D01 X2E1", "street_address1": "27-32 Talbot St, Mountjoy,", "street_address2": null, "county": "DUBLIN", "date": "2022-09-14T20:18:23.123Z", "delivery_cost": "0.00", "order_total": "350.00", "grand_total": "350.00", "original_bag": "{\"6\": 1}", "stripe_pid": "pi_3Li225DKVtCYDSXo1SAKZZng"}}, {"model": "checkout.order", "pk": 8, "fields": {"order_number": "BE4B8221817C4BC5B60D77DB8C66EAFC", "user_profile": null, "full_name": "cHLOE PLUCK", "phone_number": "015397777", "email": "SALESRESOURCING@CLICKANDGO.COM", "country": "IE", "town_or_city": "DUBLIN", "postcode": "D01 X2E1", "street_address1": "27-32 Talbot St, Mountjoy,", "street_address2": "Dublin, D01 X2E1", "county": "DUBLIN", "date": "2022-09-14T20:52:53.937Z", "delivery_cost": "0.00", "order_total": "550.00", "grand_total": "550.00", "original_bag": "{\"10\": 1}", "stripe_pid": "pi_3Li2Z1DKVtCYDSXo1Ot0WqeA"}}, {"model": "checkout.order", "pk": 9, "fields": {"order_number": "9F2BF948CD9F42D99D247C01C844B652", "user_profile": null, "full_name": "Deepak Jadoun", "phone_number": "0838940779", "email": "deepaksinghj72@gmail.com", "country": "IE", "town_or_city": "Dublin", "postcode": "d1", "street_address1": "2nd floor, 160 Parnell Street", "street_address2": null, "county": "Dublin", "date": "2022-09-14T20:54:10.476Z", "delivery_cost": "0.00", "order_total": "509.00", "grand_total": "509.00", "original_bag": "{\"5\": 1}", "stripe_pid": "pi_3Li2ahDKVtCYDSXo0eS3FpLj"}}, {"model": "checkout.order", "pk": 10, "fields": {"order_number": "758761B0CC444AD99611A87F0588D178", "user_profile": null, "full_name": "Deepak Jadoun", "phone_number": "0838940779", "email": "deepaksinghj72@gmail.com", "country": "IE", "town_or_city": "Dublin", "postcode": "d1", "street_address1": "2nd floor, 160 Parnell Street", "street_address2": null, "county": "Dublin", "date": "2022-09-15T19:04:26.402Z", "delivery_cost": "0.00", "order_total": "900.00", "grand_total": "900.00", "original_bag": "{\"3\": 2}", "stripe_pid": "pi_3LiNLqDKVtCYDSXo0VKWCEJj"}}, {"model": "checkout.order", "pk": 11, "fields": {"order_number": "B4E92F34878243ED99653CB3336E4D81", "user_profile": null, "full_name": "Deepak Jadoun", "phone_number": "0838940779", "email": "deepaksinghj72@gmail.com", "country": "IE", "town_or_city": "Dublin", "postcode": "d1", "street_address1": "2nd floor, 160 Parnell Street", "street_address2": null, "county": "Dublin", "date": "2022-09-15T19:14:09.443Z", "delivery_cost": "0.00", "order_total": "350.00", "grand_total": "350.00", "original_bag": "{\"6\": 1}", "stripe_pid": "pi_3LiNVSDKVtCYDSXo1gH3m42W"}}, {"model": "checkout.order", "pk": 14, "fields": {"order_number": "744EE5326B614014AA9A3F2C7D393662", "user_profile": 1, "full_name": "Deepak Jadoun", "phone_number": "0838940779", "email": "deepaksinghj72@gmail.com", "country": "IE", "town_or_city": "Dublin", "postcode": "d1", "street_address1": "2nd floor, 160 Parnell Street", "street_address2": "Stepaside", "county": "Dublin", "date": "2022-09-19T20:01:58.976Z", "delivery_cost": "0.00", "order_total": "550.00", "grand_total": "550.00", "original_bag": "{\"10\": 1}", "stripe_pid": "pi_3Ljq8yDKVtCYDSXo0yI6uNwN"}}, {"model": "checkout.orderlineitem", "pk": 1, "fields": {"order": 1, "product": 3, "quantity": 1, "lineitem_total": "450.00"}}, {"model": "checkout.orderlineitem", "pk": 2, "fields": {"order": 2, "product": 15, "quantity": 1, "lineitem_total": "469.00"}}, {"model": "checkout.orderlineitem", "pk": 3, "fields": {"order": 3, "product": 5, "quantity": 1, "lineitem_total": "509.00"}}, {"model": "checkout.orderlineitem", "pk": 4, "fields": {"order": 4, "product": 3, "quantity": 1, "lineitem_total": "450.00"}}, {"model": "checkout.orderlineitem", "pk": 5, "fields": {"order": 5, "product": 3, "quantity": 1, "lineitem_total": "450.00"}}, {"model": "checkout.orderlineitem", "pk": 6, "fields": {"order": 5, "product": 9, "quantity": 1, "lineitem_total": "410.00"}}, {"model": "checkout.orderlineitem", "pk": 7, "fields": {"order": 6, "product": 10, "quantity": 1, "lineitem_total": "550.00"}}, {"model": "checkout.orderlineitem", "pk": 8, "fields": {"order": 7, "product": 6, "quantity": 1, "lineitem_total": "350.00"}}, {"model": "checkout.orderlineitem", "pk": 9, "fields": {"order": 8, "product": 10, "quantity": 1, "lineitem_total": "550.00"}}, {"model": "checkout.orderlineitem", "pk": 10, "fields": {"order": 9, "product": 5, "quantity": 1, "lineitem_total": "509.00"}}, {"model": "checkout.orderlineitem", "pk": 11, "fields": {"order": 10, "product": 3, "quantity": 2, "lineitem_total": "900.00"}}, {"model": "checkout.orderlineitem", "pk": 12, "fields": {"order": 11, "product": 6, "quantity": 1, "lineitem_total": "350.00"}}, {"model": "checkout.orderlineitem", "pk": 15, "fields": {"order": 14, "product": 10, "quantity": 1, "lineitem_total": "550.00"}}, {"model": "profiles.userprofile", "pk": 1, "fields": {"user": 1, "default_phone_number": "0838940779", "default_street_address1": "2E Belarmine Drive, Stepaside", "default_street_address2": "Stepaside", "default_town_or_city": "Dublin", "default_county": "Dublin", "default_postcode": "D18E193", "default_country": "IE"}}, {"model": "profiles.userprofile", "pk": 2, "fields": {"user": 2, "default_phone_number": null, "default_street_address1": null, "default_street_address2": null, "default_town_or_city": null, "default_county": null, "default_postcode": null, "default_country": null}}]